H1D7L3YP,Isabella Moore,isabellamoore@gmail.com,+1-212-555-016
X9T4B1QP,Emma Davis,emmadavis@gmail.com,+1-312-555-0176
97536840,Toshmat Eshmatov,toshmateshmatov@gmail.com,+563-21-548-78-54
W3J8P4RB,Daniel Harris,danielharris@gmail.com,+1-702-555-0151
30127539,Abduakbar Salayev,salayevabduakbar@gmail.com,+998-93-533-73-21
F6C1N9UZ,Mia White,miawhite@gmail.com,+1-305-555-0198
91037248,Eshmat Toshmatov,eshmattoshmatov@gmail.com,+998-154-63-59
P2L5Q9WD,Olivia Taylor,oliviataylor@gmail.com,+1-646-555-0133
52146325,Kamol Nazarov,kamolnazarov@gmail.com,+998-13-256-30-21
K8N1J4TS,William Martinez,williammartinez@gmailcom,+1-503-555-0194
81254126,Karim Erkinov,karimerkinov@gmail.com,+362-15-427-89-54
T8K2M5GA,Benjamin Jackson,benjaminjackson@gmail.com,+1-213-555-0142
12543698,John Smith,johnsmith@gmail.com,+120-25-550-14-74
A7F9K2LM,Michael Brown,michaelbrown@gmail.com,+44-20-7946-0958
M3V8C6ZR,Robert Wilson,robertwilson@gmail.com,+61-2-5550-8492
70341689,Alibek Rahimberganov,alibekrahimberganov@gmail.com,+998-93-862-21-61
Z5Y7M2XQ,Sophia Anderson,sophiaanderson@gmail.com,+1-718-555-0185
32014125,Alice Johnson,alicejohnson@gmail.com,+1-415-555-0192
02103201,Navro'z Yusupov,navruzyusupov@gmail.com,+563-21-458-76-78
Q4R9V6HF,James Thomas,jamesthomas@gmail.com,+1-917-555-0158
